Name,Mean,MeanLB,MeanUB,Stddev,StddevLB,StddevUB
"Multi Iterations 10/Cata Sum/100",8.959441825061702e-6,7.959101353551334e-6,1.0259482783043843e-5,3.918233658021945e-6,2.8311742931624486e-6,5.644625764079988e-6
"Multi Iterations 10/Cata Sum/215",1.3914768627429747e-5,1.3350516756944563e-5,1.474183955743121e-5,2.1314637552034304e-6,1.6479403676776557e-6,2.604452423760113e-6
"Multi Iterations 10/Cata Sum/464",3.62135362924614e-5,3.4094329242120745e-5,3.90147321403876e-5,8.137699761566151e-6,6.528707667216301e-6,9.438131145470907e-6
"Multi Iterations 10/Cata Sum/1000",7.438835538035114e-5,7.010892247526196e-5,8.11079088833035e-5,1.6182461916237246e-5,1.2600534922449966e-5,1.9349281544469376e-5
"Multi Iterations 10/Cata Sum/2154",1.4791922511402732e-4,1.4540494720862313e-4,1.5274016944693929e-4,1.305201068659877e-5,9.298377678196248e-6,1.978054143413087e-5
"Multi Iterations 10/Cata Sum/4642",3.8524399158589896e-4,3.54431598232684e-4,4.115694225462601e-4,8.759610305402504e-5,7.359565066034745e-5,1.0590603265311895e-4
"Multi Iterations 10/Cata Sum/10000",8.751451010761516e-4,8.254424368296919e-4,9.70299311842632e-4,2.1730323916023693e-4,1.6100902867776794e-4,3.0253149169455013e-4
